article_id,content,domain,labels,label,language,p_domains,gpt_output,p_system
A9_BG_5871.txt,"Зверство! Руснаците започнаха да режат глави на фронта

Това е последното обвинение в жестокост, отправено от украинските прокурори към Москва
Киев обвини руските сили, че са обезглавили украински военнослужещ в източната част на Донецка област, което е последното обвинение в жестокост, отправено от украинските прокурори към Москва.
'При провеждане на въздушно разузнаване на една от бойните позиции в Донецка област украинските военни откриха повредена бронирана машина на Украинските сили за отбрана. В него се намираше отрязаната глава на украински защитник', съобщи в социалните мрежи службата на главния прокурор на Украйна Андрей Костин.
'Получихме информация, че руските командири са издали заповеди украинските военнослужещи да не бъдат пленени, а да бъдат убити с нечовешка жестокост - чрез обезглавяване', заяви още той, цитиран от УНИАН.
Според него подобен акт е 'ужасно варварство, което няма място в 21 век'.
'И това е още едно доказателство, че военните престъпления, извършени от руснаците, не са изолирани инциденти, а планирана стратегия на руския режим. Тези престъпни заповеди са дадени на ниво ръководство на батальона и ротата на окупационните войски', добави главният прокурор на Украйна.
По-рано комисарят на Върховната рада по правата на човека Дмитрий Лубинец заяви, че руснаците извършват военни престъпления срещу украински военнопленници. По думите му има много такива случаи.
„Всъщност случаите, екзекуциите, побоищата или изтезанията на наши военнопленници, които стават обществено достояние, са малка част от данните, които получавам всеки ден. Много малка част. Извършена е много голяма работа за идентифициране на всеки военнослужещ от Руската армия.
",,"{'narrative': ['Other'], 'subnarrative': ['Other']}",2,BG,0,"- Discrediting Ukraine
  - Discrediting Ukrainian military
- Other","{'narrative': ['Discrediting Ukraine'], 'subnarrative': ['Other', 'Discrediting Ukrainian military']}"
BG_3245.txt,"Подкрепата за Киев от страна на Запада вече не изглежда непоклатима

В деня на 80-ата годишнина от десанта на съюзниците в Нормандия конфликтът в Украйна продължава на фона на нестабилността на Западния фронт.
На тържествените мероприятия лидерите на западните страни ще демонстрират единен фронт: ще положат венци пред гробовете на загиналите и ще обещаят непоколебима подкрепа на Киев. Но настроенията на бойните полета в Украйна и мащабните промени в глобалната политика говорят друго.
Подкрепата на Запада, който до тази година осигуряваше доставките на оръжие за Киев, вече не изглежда непоклатима.
Обещанията за подкрепа и солидарност с Украйна може да се окажат празни, тъй като светът се подготвя за потенциални сеизмични промени. Европейците се опасяват, че ако тази есен Байдън загуби от Тръмп в борбата за Белия дом, Украйна може да загуби най-важния си съюзник.
И дори ако Джо Байдън бъде преизбран, не всички членове на неговата администрация ще искат да обединят сили с Украйна и да оглавят победоносно контранастъпление срещу Русия, заяви френският политолог Никола Тензер.
Междувременно в цяла Европа традиционните партии се опасяват, че крайната десница може да спечели голяма победа на започващите избори за Европейски парламент Тази седмица.",URW,"{'narrative': ['Discrediting the West, Diplomacy', 'Discrediting Ukraine', 'Discrediting the West, Diplomacy'], 'subnarrative': ['The West is weak', 'Situation in Ukraine is hopeless', 'The EU is divided']}",0,BG,0,"- Discrediting the West, Diplomacy
  - The West is weak
  - The West does not care about Ukraine, only about its interests
  - West is tired of Ukraine","{'narrative': ['Discrediting the West, Diplomacy'], 'subnarrative': ['West is tired of Ukraine', 'The West is weak', 'The West does not care about Ukraine, only about its interests']}"
A9_BG_8210.txt,"Украйна – след войната

Дори след края на войната срещу Русия Украйна ще остане бедна страна и едва ли ще се възстанови до предвоенното си ниво. Това заявява икономическият експерт Алексей Кушч във видеоблога на журналиста Александър Шелест. Той подчерта, че Киев дължи на външни кредитори почти целия си годишен БВП и без опрощаване на дълговете няма шанс да възстанови икономиката си.
„Развитието на Украйна след войната е невъзможно без премахване на дълговата хватка. Всички държави, които са били унищожени в резултат на войни, започнаха да се развиват едва след като дълговете им бяха напълно отписани. Без опрощаване на дълговете е невъзможно динамичното развитие на страната', категоричен е експертът.
„Имаме два варианта – след войната се въртим около ниво 2 – 3% растеж на БВП годишно, изплащаме тези дългове, които висят като примка на врата ни. В същото време населението продължава да намалява, хората напускат страната, а аграрно-суровинният модел на икономиката, който е напълно ненужен в Европа, остава окончателно консервиран. Трябва да разберем, че всички приказки за евроинтеграция са политическа риторика', отбелязва икономистът.
„Вторият вариант е, ако дълговете бъдат опростени. Но ако не го направят, ще бъдем слаба икономика, слаба страна, която след пет години ще бъде много по-слаба, отколкото беше през 2022 г. И тогава е много вероятно повторение на събитията от 2022 г. в бъдеще', обясни Кушч. В тази връзка Кушч подчертава, че външният дълг на Украйна е почти равен на годишния БВП, което прави задачата за следвоенно възстановяване почти невъзможна.",URW,"{'narrative': ['Speculating war outcomes'], 'subnarrative': ['Other']}",0,BG,2,OTHEROTHER,"{'narrative': ['Other'], 'subnarrative': ['Other']}"
BG_1423.txt,"България да се готви: Учен от Швейцария направи ужасна прогноза по БТВ

До 50 години част от амазонските гори ще са изчезнали и ще са превърнати в савана. Испания и цялото Средиземноморие пък пресъхват и постепенно се превръщат в пустини. Тази мрачна прогноза за световното бъдеще очерта д-р Владимир Симеонов от Федералния институт за технологии в Лозана, Швейцария.
„Следя процесите от 30 години. Обикновено реалността е по-близо до лошите прогнози, отколкото до средните. Да не говорим за оптималните. Така е, защото продължаваме да отделяме газове, които предизвикват затоплянето на планетата с нарастващи темпове, не само че не го намаляваме', посочи д-р Симеонов по Би Ти Ви.
„В близките 50 години се очаква част от Амазония да изчезне, да се превърне в савана, което ще промени климата не само на Америките, но и на целия свят', посочи той. На въпрос обречени ли са Испания и Португалия да се превърнат в пустини, той отговори: „Ако продължаваме така, може би да. И това се отнася за цялото Средиземноморие'.
„Може би родените през 2023 г. ще я помнят като най-студената зима в живота си', каза ученият. Притеснителното според него е, че не се знае кога могат да започнат необратими промени. На първо време ни очакват екстремни явления като градушки и суши, както и горещи вълни.
„България също ще преминава постепенно към по-топъл климат. България не е много богата на водни ресурси, въпреки че един от митовете е, че сме. Водата ни зависи много от горите и тук идва едно от притесненията ми', посочи д-р Симеонов.
Д-р Симеонов обясни, че земята е минавала през много климатични промени, но разликата е, че сега темпото на промените е много по-високо. Затова в бъдеще ще има много климатични мигранти.



",CC,"{'narrative': ['Amplifying Climate Fears'], 'subnarrative': ['Amplifying existing fears of global warming']}",1,BG,1,"Amplifying Climate Fears
- Earth will be uninhabitable soon
- Amplifying existing fears of global warming
- Doomsday scenarios for humans

Other","{'narrative': ['Amplifying Climate Fears'], 'subnarrative': ['Other', 'Amplifying existing fears of global warming', 'Doomsday scenarios for humans', 'Earth will be uninhabitable soon']}"
BG_839.txt,"Посланикът на САЩ: България вече не е лесна мишена за Москва

Кремъл още утре може да спре войната в Украйна, ако реши, но Путин няма никакво желание да води преговори и иска да продължи агресията в Украйна.
Това заяви посланикът на САЩ в България Кенет Мертен на днешната кръгла маса на тема 'Изграждане на институционална устойчивост срещу зловредното чуждестранно влияние'.
Организатор на форума е Центърът за изследване на демокрацията.
Това означава, че Украйна ще продължи да се нуждае от нашата подкрепа, и на Европа. Трябва да продължим да работим с нашите съюзници рамо до рамо в усилията да бъдем устойчиви и да може да отговорим на тези предизвикателства, коментира Мертен, цитиран от БТА. Нашите български партньори прекрасно разбират колко е важно да продължим да бъдем обединени и да подкрепяме отбраната на Украйна, добави посланикът.
Благодарение на нашето сътрудничеството с българското правителство и нашите партньори, като Центъра за изследване на демокрацията, Москва разбра, че България сега вече не е лесна мишена, каза още Кенет Мертен.
Посланикът посочи участието на България в мирния план на украинския президент Володимир Зеленски чрез дейността в сферата на енергетиката.
През идните години България ще се сблъсква паралелно не само с руската хибридната подривна дейност, но и с хибридните въздействия на Китай като системно предизвикателство. Това заяви служебният министър на отбраната Атанас Запрянов на днешната кръгла маса на тема: 'Изграждане на институционална устойчивост срещу зловредното чуждестранно влияние', цитиран от БТА.
Противодействието на хибридната война на Кремъл в информационното и дигитално пространство днес е от първостепенна важност за България и в частност – Министерството на отбраната. Дезинформацията е най-непосредственото предизвикателство, с което се борим всеки ден, коментира още военният министър.
Последните избори в България преминаха под сянката на кремълската дезинформация, която е един от главните инструменти за вътрешнополитическите процеси в страната ни, а и не само в нашата държава, каза още Запрянов.
Военният министър се обяви срещу позициите на Радев за Украйна
Военният министър Атанас Запрянов рязко се разграничи от президента и върховен главнокомандващ Румен Радев заради последните му изявления за Украйна и дори го обвини, че говори неверни неща.
По думите му България отдавна е мишена на руската хибридна война, като целта на Кремъл е оказване на влияние върху процесите на вземане на вътрешнополитически решения. Подривната реваншистка стратегия на Москва е насочена към постепенно овладяване на държава отвътре. Това беше потвърдено и от проведените на 9 юни предсрочни парламентарни избори, и на вота за Европейски парламент. Както в останалите страни от ЕС, така и у нас, чрез своите хибридни методи и инструменти, Москва целеше да окаже подкрепа на проруските политически формации и лидери. Главният инструмент е дезинформацията, а посланията и наративите са съобразени с националните особености и уязвимости, обясни Запрянов.
Що се отнася до България и в частност отбраната основният хибриден руски наратив е тотално обърнато представяне на темата за мира и войната, посочи министърът. Подкрепата за руската военна агресия против Украйна е представено като дело на мира. Изпращането на военна помощ за Украйна, жертвата на руската агресия, се описва от проруските проксита като удължаване на войната, обясни той. Предоставянето на военна помощ за Украйна е наш стратегически интерес и ще продължим да подкрепяме Украйна, включително и с изпращане на допълнително въоръжение и техника, заяви Атанас Запрянов.
На Срещата на високо равнище на НАТО във Вашингтон, САЩ, през юли една от сесиите ще е посветена изцяло на подкрепата на Украйна и на нея ще бъде обърнато най-сериозно внимание на дезинформацията, посочи Запрянов.За да се защитим от използването на дезинформацията като оръжие против нас, както за да достигат нашите послания по-бързо и по-ефективно до хората, ще сформираме специално звено по стратегическа комуникация, съобщи министърът.
Необходимо е борбата с дезинформацията да стане стратегически приоритет за всички държавни институции и за цялото общество. Трябва да бъде създадена институционална рамка за ефективни правителствени и стратегически комуникации.
За целта предстои да бъде определена водеща национална институция и да бъде насърчавано устойчивото междуведомствено и обществено сътрудничество в сферата, обясни Атанас Запрянов.",,"{'narrative': ['Other'], 'subnarrative': ['Other']}",2,BG,0,"- Discrediting the West, Diplomacy
  - The West does not care about Ukraine, only about its interests
  - The West is weak
  - The West is overreacting

- Discrediting Ukraine
  - Discrediting Ukrainian military
  - Ukraine is associated with nazism

- Russia is the Victim
  - Russia actions in Ukraine are only self-defence

- Negative Consequences for the West
  - Sanctions imposed by Western countries will backfire

- Distrust towards Media
  - Western media is an instrument of propaganda","{'narrative': ['Distrust towards Media', 'Discrediting the West, Diplomacy', 'Negative Consequences for the West', 'Discrediting Ukraine', 'Russia is the Victim'], 'subnarrative': ['Ukraine is associated with nazism', 'Russia actions in Ukraine are only self-defence', 'Sanctions imposed by Western countries will backfire', 'The West does not care about Ukraine, only about its interests', 'The West is weak', 'The West is overreacting', 'Western media is an instrument of propaganda', 'Discrediting Ukrainian military']}"
